<?xml version="1.0" encoding="UTF-8"?>
<project-private xmlns="http://www.netbeans.org/ns/project-private/1">
    <editor-bookmarks xmlns="http://www.netbeans.org/ns/editor-bookmarks/2" lastBookmarkId="0"/>
    <open-files xmlns="http://www.netbeans.org/ns/projectui-open-files/2">
        <group>
            <file>file:/Users/gculisakolobe/NetBeansProjects/abcCollege/src/abccollege/Student.java</file>
            <file>file:/Users/gculisakolobe/NetBeansProjects/abcCollege/src/StudentTest.java</file>
            <file>file:/Users/gculisakolobe/NetBeansProjects/abcCollege/src/abccollege/AbcCollege.java</file>
            <file>file:/Users/gculisakolobe/NetBeansProjects/abcCollege/build.xml</file>
            <file>file:/Users/gculisakolobe/NetBeansProjects/abcCollege/manifest.mf</file>
            <file>file:/Users/gculisakolobe/NetBeansProjects/abcCollege/students.txt</file>
        </group>
    </open-files>
</project-private>
